WTI_real,Industrial_Production,Freight_Transp,Unemployment,CPI,date
130.252,105.063,107.5315,5.74937,220.126,1945-01-01
109.124,99.781,104.8905,5.80219,209.562,1945-03-01
88.892,94.723,102.3615,5.85277,199.446,1945-06-01
91.48,95.37,102.685,5.8463,200.74,1945-07-01
106.312,99.078,104.539,5.80922,208.156,1945-11-01
147.892,109.473,109.7365,5.70527,228.946,1946-01-01
109.21600000000001,99.804,104.902,5.80196,209.608,1946-03-01
89.4,94.85,102.425,5.8515,199.7,1946-06-01
90.392,95.098,102.549,5.84902,200.196,1946-07-01
122.44,103.11,106.555,5.7689,216.22,1946-11-01
171.192,115.298,112.649,5.64702,240.596,1947-01-01
147.11599999999999,109.279,109.6395,5.70721,228.558,1947-03-01
97.908,96.977,103.4885,5.83023,203.954,1947-06-01
95.42,96.355,103.1775,5.83645,202.71,1947-07-01
145.988,108.997,109.4985,5.71003,227.994,1947-11-01
198.224,122.056,116.02799999999999,5.57944,254.112,1948-01-01
165.116,113.779,111.8895,5.66221,237.558,1948-03-01
113.584,100.896,105.44800000000001,5.79104,211.792,1948-06-01
103.22,98.305,104.1525,5.81695,206.61,1948-07-01
152.57999999999998,110.645,110.3225,5.69355,231.29,1948-11-01
196.644,121.661,115.8305,5.58339,253.322,1949-01-01
160.356,112.589,111.2945,5.67411,235.178,1949-03-01
96.656,96.664,103.332,5.83336,203.328,1949-06-01
106.244,99.061,104.5305,5.80939,208.122,1949-07-01
153.08800000000002,110.772,110.386,5.69228,231.544,1949-11-01
203.624,123.406,116.703,5.56594,256.812,1950-01-01
200.416,122.604,116.30199999999999,5.57396,255.208,1950-03-01
108.82000000000001,99.705,104.8525,5.80295,209.41,1950-06-01
125.456,103.864,106.932,5.76136,217.728,1950-07-01
171.644,115.411,112.7055,5.64589,240.822,1950-11-01
259.324,137.33100000000002,123.66550000000001,5.42669,284.66200000000003,1951-01-01
210.184,125.04599999999999,117.523,5.54954,260.092,1951-03-01
126.536,104.134,107.06700000000001,5.75866,218.268,1951-06-01
127.12,104.28,107.14,5.7572,218.56,1951-07-01
218.62800000000001,127.15700000000001,118.5785,5.52843,264.314,1951-11-01
282.74,143.185,126.5925,5.36815,296.37,1952-01-01
226.324,129.08100000000002,119.54050000000001,5.50919,268.16200000000003,1952-03-01
133.26,105.815,107.9075,5.74185,221.63,1952-06-01
123.164,103.291,106.6455,5.76709,216.582,1952-07-01
218.704,127.176,118.588,5.52824,264.352,1952-11-01
284.164,143.541,126.7705,5.36459,297.082,1953-01-01
231.312,130.328,120.164,5.49672,270.656,1953-03-01
149.464,109.866,109.93299999999999,5.70134,229.732,1953-06-01
128.2,104.55,107.275,5.7545,219.1,1953-07-01
205.048,123.762,116.881,5.56238,257.524,1953-11-01
328.788,154.697,132.3485,5.25303,319.394,1954-01-01
246.204,134.051,122.0255,5.45949,278.102,1954-03-01
138.868,107.217,108.6085,5.72783,224.434,1954-06-01
137.45600000000002,106.864,108.432,5.73136,223.728,1954-07-01
235.116,131.279,120.6395,5.48721,272.558,1954-11-01
325.112,153.77800000000002,131.889,5.26222,317.55600000000004,1955-01-01
263.036,138.25900000000001,124.12950000000001,5.41741,286.51800000000003,1955-03-01
149.756,109.939,109.9695,5.70061,229.878,1955-06-01
143.512,108.378,109.189,5.71622,226.756,1955-07-01
269.06399999999996,139.766,124.883,5.40234,289.532,1955-11-01
364.91200000000003,163.728,136.864,5.16272,337.456,1956-01-01
292.436,145.60899999999998,127.80449999999999,5.34391,301.21799999999996,1956-03-01
163.792,113.44800000000001,111.724,5.66552,236.89600000000002,1956-06-01
155.96,111.49000000000001,110.745,5.6851,232.98000000000002,1956-07-01
261.01599999999996,137.754,123.877,5.42246,285.508,1956-11-01
400.032,172.50799999999998,141.254,5.07492,355.01599999999996,1957-01-01
272.212,140.553,125.2765,5.39447,291.106,1957-03-01
157.704,111.926,110.963,5.68074,233.852,1957-06-01
154.256,111.064,110.532,5.68936,232.128,1957-07-01
270.148,140.037,125.0185,5.39963,290.074,1957-11-01
364.984,163.74599999999998,136.873,5.16254,337.49199999999996,1958-01-01
280.28,142.57,126.285,5.3743,295.14,1958-03-01
158.736,112.184,111.092,5.67816,234.368,1958-06-01
177.68800000000002,116.922,113.461,5.63078,243.844,1958-07-01
258.46000000000004,137.115,123.5575,5.42885,284.23,1958-11-01
411.228,175.30700000000002,142.6535,5.04693,360.61400000000003,1959-01-01
298.984,147.24599999999998,128.623,5.32754,304.49199999999996,1959-03-01
175.288,116.322,113.161,5.63678,242.644,1959-06-01
166.532,114.13300000000001,112.0665,5.65867,238.26600000000002,1959-07-01
293.288,145.822,127.911,5.34178,301.644,1959-11-01
374.712,166.178,138.089,5.13822,342.356,1960-01-01
377.24,166.81,138.405,5.1319,343.62,1960-03-01
188.988,119.747,114.8735,5.60253,249.494,1960-06-01
169.40800000000002,114.852,112.426,5.65148,239.704,1960-07-01
275.908,141.477,125.7385,5.38523,292.954,1960-11-01
415.81600000000003,176.454,143.227,5.03546,362.908,1961-01-01
295.868,146.46699999999998,128.2335,5.33533,302.93399999999997,1961-03-01
178.528,117.132,113.566,5.62868,244.264,1961-06-01
187.08,119.27000000000001,114.635,5.6073,248.54000000000002,1961-07-01
286.808,144.202,127.101,5.3579799999999995,298.404,1961-11-01
434.93600000000004,181.234,145.61700000000002,4.98766,372.468,1962-01-01
332.25600000000003,155.56400000000002,132.782,5.24436,321.12800000000004,1962-03-01
190.124,120.031,115.0155,5.59969,250.062,1962-06-01
193.052,120.763,115.3815,5.59237,251.526,1962-07-01
317.848,151.962,130.981,5.28038,313.924,1962-11-01
443.14,183.285,146.64249999999998,4.96715,376.57,1963-01-01
318.072,152.018,131.00900000000001,5.27982,314.036,1963-03-01
188.72,119.68,114.84,5.6032,249.36,1963-06-01
191.076,120.269,115.1345,5.59731,250.538,1963-07-01
275.26800000000003,141.317,125.6585,5.38683,292.634,1963-11-01
414.308,176.077,143.0385,5.03923,362.154,1964-01-01
323.636,153.409,131.7045,5.26591,316.818,1964-03-01
205.45600000000002,123.864,116.932,5.56136,257.728,1964-06-01
194.552,121.138,115.569,5.58862,252.276,1964-07-01
294.336,146.084,128.042,5.33916,302.168,1964-11-01
401.25600000000003,172.81400000000002,141.407,5.07186,355.62800000000004,1965-01-01
365.46,163.865,136.9325,5.16135,337.73,1965-03-01
197.412,121.85300000000001,115.9265,5.58147,253.70600000000002,1965-06-01
207.24,124.31,117.155,5.5569,258.62,1965-07-01
316.716,151.679,130.8395,5.28321,313.358,1965-11-01
414.44800000000004,176.11200000000002,143.056,5.03888,362.22400000000005,1966-01-01
335.944,156.486,133.243,5.2351399999999995,322.972,1966-03-01
224.012,128.503,119.2515,5.51497,267.006,1966-06-01
203.736,123.434,116.717,5.56566,256.868,1966-07-01
328.656,154.664,132.332,5.25336,319.328,1966-11-01
402.88800000000003,173.222,141.611,5.06778,356.444,1967-01-01
395.0,171.25,140.625,5.0875,352.5,1967-03-01
225.324,128.83100000000002,119.41550000000001,5.51169,267.66200000000003,1967-06-01
221.256,127.814,118.907,5.52186,265.628,1967-07-01
353.212,160.803,135.4015,5.1919699999999995,331.606,1967-11-01
507.652,199.413,154.7065,4.80587,408.826,1968-01-01
378.416,167.10399999999998,138.552,5.12896,344.20799999999997,1968-03-01
223.96800000000002,128.49200000000002,119.24600000000001,5.51508,266.98400000000004,1968-06-01
213.952,125.988,117.994,5.54012,261.976,1968-07-01
341.608,157.902,133.951,5.22098,325.804,1968-11-01
506.98400000000004,199.246,154.623,4.8075399999999995,408.492,1969-01-01
394.308,171.077,140.5385,5.08923,352.154,1969-03-01
236.704,131.676,120.838,5.48324,273.352,1969-06-01
229.792,129.948,119.974,5.50052,269.896,1969-07-01
361.648,162.912,136.45600000000002,5.17088,335.824,1969-11-01
538.76,207.19,158.595,4.7280999999999995,424.38,1970-01-01
413.26800000000003,175.817,142.9085,5.04183,361.634,1970-03-01
240.288,132.572,121.286,5.47428,275.144,1970-06-01
231.068,130.267,120.1335,5.49733,270.534,1970-07-01
344.236,158.559,134.27949999999998,5.21441,327.118,1970-11-01
524.9000000000001,203.72500000000002,156.8625,4.76275,417.45000000000005,1971-01-01
426.54,179.135,144.5675,5.00865,368.27,1971-03-01
270.372,140.09300000000002,125.04650000000001,5.39907,290.18600000000004,1971-06-01
247.504,134.376,122.188,5.45624,278.752,1971-07-01
371.744,165.436,137.71800000000002,5.14564,340.872,1971-11-01
491.652,195.413,152.7065,4.84587,400.826,1972-01-01
461.764,187.941,148.97050000000002,4.92059,385.882,1972-03-01
293.26800000000003,145.817,127.9085,5.34183,301.634,1972-06-01
248.904,134.726,122.363,5.45274,279.452,1972-07-01
436.0,181.5,145.75,4.984999999999999,373.0,1972-11-01
543.144,208.286,159.143,4.71714,426.572,1973-01-01
443.80400000000003,183.45100000000002,146.7255,4.96549,376.90200000000004,1973-03-01
320.24,152.56,131.28,5.2744,315.12,1973-06-01
318.7,152.175,131.0875,5.27825,314.35,1973-07-01
450.92,185.23000000000002,147.615,4.9477,380.46000000000004,1973-11-01
505.592,198.898,154.449,4.81102,407.796,1974-01-01
422.35200000000003,178.08800000000002,144.044,5.01912,366.17600000000004,1974-03-01
315.244,151.311,130.65550000000002,5.28689,312.622,1974-06-01
316.264,151.566,130.78300000000002,5.28434,313.132,1974-07-01
408.796,174.699,142.3495,5.05301,359.398,1974-11-01
521.392,202.848,156.424,4.77152,415.696,1975-01-01
438.172,182.043,146.0215,4.97957,374.086,1975-03-01
302.092,148.023,129.0115,5.31977,306.046,1975-06-01
291.56,145.39,127.695,5.3461,300.78,1975-07-01
335.236,156.309,133.15449999999998,5.23691,322.618,1975-11-01
562.88,213.22,161.61,4.6678,436.44,1976-01-01
444.06,183.515,146.7575,4.96485,377.03,1976-03-01
322.35200000000003,153.08800000000002,131.544,5.26912,316.17600000000004,1976-06-01
309.636,149.909,129.9545,5.30091,309.818,1976-07-01
475.66,191.41500000000002,150.7075,4.88585,392.83000000000004,1976-11-01
662.796,238.199,174.0995,4.41801,486.398,1977-01-01
456.86400000000003,186.716,148.358,4.93284,383.432,1977-03-01
362.38800000000003,163.097,136.5485,5.16903,336.194,1977-06-01
346.216,159.054,134.527,5.20946,328.108,1977-07-01
440.476,182.619,146.3095,4.97381,375.238,1977-11-01
582.812,218.203,164.1015,4.61797,446.406,1978-01-01
539.38,207.345,158.6725,4.72655,424.69,1978-03-01
370.40000000000003,165.10000000000002,137.55,5.149,340.20000000000005,1978-06-01
342.76,158.19,134.095,5.2181,326.38,1978-07-01
459.932,187.483,148.7415,4.92517,384.966,1978-11-01
597.984,221.996,165.998,4.58004,453.992,1979-01-01
484.392,193.598,151.799,4.86402,397.196,1979-03-01
354.944,161.236,135.618,5.18764,332.472,1979-06-01
347.788,159.447,134.7235,5.2055299999999995,328.894,1979-07-01
419.668,177.417,143.70850000000002,5.02583,364.834,1979-11-01
490.48400000000004,195.121,152.5605,4.84879,400.242,1980-01-01
424.176,178.54399999999998,144.272,5.0145599999999995,367.08799999999997,1980-03-01
308.064,149.51600000000002,129.758,5.3048399999999996,309.03200000000004,1980-06-01
308.856,149.714,129.857,5.30286,309.428,1980-07-01
383.884,168.471,139.2355,5.11529,346.942,1980-11-01
539.5319999999999,207.38299999999998,158.6915,4.72617,424.76599999999996,1981-01-01
390.108,170.027,140.0135,5.09973,350.054,1981-03-01
325.72,153.93,131.965,5.2607,317.86,1981-06-01
324.832,153.708,131.85399999999998,5.26292,317.416,1981-07-01
375.652,166.413,138.2065,5.13587,342.826,1981-11-01
462.048,188.012,149.006,4.91988,386.024,1982-01-01
395.156,171.289,140.6445,5.08711,352.578,1982-03-01
324.188,153.547,131.7735,5.26453,317.094,1982-06-01
285.144,143.786,126.893,5.36214,297.572,1982-07-01
326.98,154.245,132.1225,5.25755,318.49,1982-11-01
376.76800000000003,166.692,138.346,5.13308,343.384,1983-01-01
395.476,171.369,140.6845,5.08631,352.738,1983-03-01
332.86,155.715,132.85750000000002,5.24285,321.43,1983-06-01
311.448,150.362,130.18099999999998,5.29638,310.724,1983-07-01
374.836,166.209,138.1045,5.13791,342.418,1983-11-01
467.084,189.27100000000002,149.6355,4.90729,388.54200000000003,1984-01-01
434.172,181.043,145.5215,4.98957,372.086,1984-03-01
341.212,157.803,133.9015,5.22197,325.606,1984-06-01
340.488,157.622,133.811,5.22378,325.244,1984-07-01
369.196,164.799,137.3995,5.15201,339.598,1984-11-01
459.676,187.41899999999998,148.7095,4.92581,384.83799999999997,1985-01-01
413.56,175.89,142.945,5.0411,361.78,1985-03-01
341.264,157.816,133.90800000000002,5.22184,325.632,1985-06-01
332.072,155.518,132.75900000000001,5.24482,321.036,1985-07-01
359.652,162.413,136.2065,5.17587,334.826,1985-11-01
442.892,183.223,146.6115,4.96777,376.446,1986-01-01
422.86400000000003,178.216,144.108,5.01784,366.432,1986-03-01
335.252,156.313,133.1565,5.23687,322.626,1986-06-01
351.456,160.364,135.18200000000002,5.19636,330.728,1986-07-01
375.236,166.309,138.15449999999998,5.13691,342.618,1986-11-01
440.47200000000004,182.618,146.309,4.97382,375.236,1987-01-01
416.36,176.59,143.29500000000002,5.0341,363.18,1987-03-01
364.76,163.69,136.845,5.1631,337.38,1987-06-01
366.452,164.113,137.0565,5.15887,338.226,1987-07-01
381.86400000000003,167.966,138.983,5.12034,345.932,1987-11-01
471.208,190.30200000000002,150.151,4.89698,390.60400000000004,1988-01-01
468.78000000000003,189.695,149.8475,4.90305,389.39,1988-03-01
372.512,165.628,137.814,5.14372,341.256,1988-06-01
357.36400000000003,161.841,135.9205,5.18159,333.682,1988-07-01
411.952,175.488,142.744,5.04512,360.976,1988-11-01
439.62,182.405,146.2025,4.97595,374.81,1989-01-01
455.072,186.268,148.13400000000001,4.93732,382.536,1989-03-01
390.272,170.06799999999998,140.034,5.09932,350.13599999999997,1989-06-01
351.936,160.48399999999998,135.242,5.19516,330.96799999999996,1989-07-01
427.35200000000003,179.33800000000002,144.669,5.00662,368.67600000000004,1989-11-01
424.93600000000004,178.734,144.36700000000002,5.01266,367.468,1990-01-01
436.30400000000003,181.57600000000002,145.788,4.98424,373.15200000000004,1990-03-01
380.752,167.688,138.844,5.12312,345.376,1990-06-01
368.072,164.518,137.25900000000001,5.15482,339.036,1990-07-01
401.224,172.80599999999998,141.403,5.07194,355.61199999999997,1990-11-01
447.484,184.37099999999998,147.1855,4.95629,378.74199999999996,1991-01-01
400.068,172.517,141.2585,5.07483,355.034,1991-03-01
362.976,163.244,136.622,5.16756,336.488,1991-06-01
358.348,162.087,136.0435,5.17913,334.174,1991-07-01
380.564,167.64100000000002,138.8205,5.12359,345.28200000000004,1991-11-01
430.664,180.166,145.083,4.99834,370.332,1992-01-01
427.62,179.405,144.7025,5.00595,368.81,1992-03-01
351.472,160.368,135.184,5.19632,330.736,1992-06-01
366.024,164.006,137.003,5.15994,338.012,1992-07-01
381.504,167.876,138.938,5.12124,345.752,1992-11-01
417.92400000000004,176.981,143.4905,5.03019,363.962,1993-01-01
454.084,186.02100000000002,148.0105,4.93979,382.04200000000003,1993-03-01
373.532,165.88299999999998,137.9415,5.14117,341.76599999999996,1993-06-01
361.604,162.901,136.4505,5.17099,335.802,1993-07-01
416.16,176.54000000000002,143.27,5.0346,363.08000000000004,1993-11-01
488.536,194.63400000000001,152.317,4.85366,399.26800000000003,1994-01-01
440.02,182.505,146.2525,4.97495,375.01,1994-03-01
397.452,171.863,140.9315,5.08137,353.726,1994-06-01
360.16,162.54000000000002,136.27,5.1746,335.08000000000004,1994-07-01
411.628,175.40699999999998,142.7035,5.04593,360.81399999999996,1994-11-01
450.29200000000003,185.073,147.5365,4.94927,380.146,1995-01-01
444.652,183.663,146.8315,4.963369999999999,377.326,1995-03-01
422.056,178.014,144.007,5.0198599999999995,366.028,1995-06-01
368.76,164.69,137.345,5.1531,339.38,1995-07-01
417.92400000000004,176.981,143.4905,5.03019,363.962,1995-11-01
486.86,194.215,152.10750000000002,4.85785,398.43,1996-01-01
460.38800000000003,187.597,148.7985,4.92403,385.194,1996-03-01
412.724,175.68099999999998,142.8405,5.04319,361.36199999999997,1996-06-01
404.628,173.65699999999998,141.8285,5.06343,357.31399999999996,1996-07-01
443.028,183.257,146.6285,4.96743,376.514,1996-11-01
499.464,197.36599999999999,153.683,4.82634,404.73199999999997,1997-01-01
464.652,188.663,149.3315,4.9133700000000005,387.326,1997-03-01
419.148,177.287,143.64350000000002,5.02713,364.574,1997-06-01
436.132,181.53300000000002,145.7665,4.9846699999999995,373.06600000000003,1997-07-01
442.252,183.063,146.5315,4.96937,376.126,1997-11-01
472.204,190.551,150.2755,4.89449,391.102,1998-01-01
477.084,191.77100000000002,150.8855,4.88229,393.54200000000003,1998-03-01
458.904,187.226,148.613,4.92774,384.452,1998-06-01
438.492,182.123,146.0615,4.97877,374.246,1998-07-01
428.46000000000004,179.615,144.8075,5.00385,369.23,1998-11-01
499.736,197.434,153.71699999999998,4.82566,404.868,1999-01-01
499.396,197.349,153.6745,4.82651,404.698,1999-03-01
438.896,182.224,146.112,4.97776,374.448,1999-06-01
461.35200000000003,187.83800000000002,148.919,4.92162,385.67600000000004,1999-07-01
462.97200000000004,188.243,149.1215,4.9175699999999996,386.486,1999-11-01
503.40000000000003,198.35000000000002,154.175,4.8165,406.70000000000005,2000-01-01
487.98,194.495,152.2475,4.85505,398.99,2000-03-01
455.92400000000004,186.481,148.2405,4.93519,382.962,2000-06-01
447.72,184.43,147.215,4.9557,378.86,2000-07-01
489.432,194.858,152.429,4.85142,399.716,2000-11-01
566.352,214.088,162.04399999999998,4.65912,438.176,2001-01-01
543.7520000000001,208.43800000000002,159.219,4.7156199999999995,426.87600000000003,2001-03-01
469.056,189.764,149.882,4.90236,389.528,2001-06-01
472.58,190.64499999999998,150.3225,4.893549999999999,391.28999999999996,2001-07-01
479.504,192.376,151.188,4.87624,394.752,2001-11-01
518.62,202.155,156.0775,4.778449999999999,414.31,2002-01-01
494.944,196.236,153.118,4.83764,402.472,2002-03-01
460.428,187.607,148.80349999999999,4.92393,385.214,2002-06-01
486.712,194.178,152.089,4.85822,398.356,2002-07-01
501.48,197.87,153.935,4.8213,405.74,2002-11-01
563.368,213.342,161.671,4.66658,436.684,2003-01-01
526.1759999999999,204.04399999999998,157.022,4.75956,418.08799999999997,2003-03-01
483.724,193.43099999999998,151.7155,4.86569,396.86199999999997,2003-06-01
486.372,194.09300000000002,152.0465,4.85907,398.18600000000004,2003-07-01
488.848,194.712,152.356,4.85288,399.424,2003-11-01
567.368,214.342,162.171,4.65658,438.684,2004-01-01
544.888,208.722,159.361,4.71278,427.444,2004-03-01
496.576,196.644,153.322,4.83356,403.288,2004-06-01
504.54,198.635,154.3175,4.81365,407.27,2004-07-01
516.9960000000001,201.74900000000002,155.8745,4.78251,413.49800000000005,2004-11-01
553.616,210.904,160.452,4.69096,431.808,2005-01-01
569.296,214.824,162.412,4.6517599999999995,439.648,2005-03-01
514.592,201.148,155.574,4.78852,412.296,2005-06-01
507.908,199.477,154.7385,4.80523,408.954,2005-07-01
517.296,201.824,155.912,4.78176,413.648,2005-11-01
545.748,208.937,159.4685,4.71063,427.874,2006-01-01
574.928,216.232,163.11599999999999,4.63768,442.464,2006-03-01
512.312,200.578,155.289,4.79422,411.156,2006-06-01
519.74,202.435,156.2175,4.77565,414.87,2006-07-01
531.5840000000001,205.39600000000002,157.698,4.74604,420.79200000000003,2006-11-01
557.772,211.943,160.9715,4.6805699999999995,433.886,2007-01-01
567.384,214.346,162.173,4.65654,438.692,2007-03-01
523.716,203.429,156.7145,4.76571,416.858,2007-06-01
529.244,204.811,157.40550000000002,4.7518899999999995,419.622,2007-07-01
518.9200000000001,202.23000000000002,156.115,4.777699999999999,414.46000000000004,2007-11-01
549.832,209.958,159.97899999999998,4.700419999999999,429.916,2008-01-01
545.948,208.987,159.49349999999998,4.7101299999999995,427.974,2008-03-01
481.524,192.881,151.4405,4.87119,395.762,2008-06-01
487.32800000000003,194.332,152.166,4.85668,398.664,2008-07-01
494.588,196.147,153.0735,4.83853,402.294,2008-11-01
535.744,206.436,158.21800000000002,4.73564,422.872,2009-01-01
494.204,196.051,153.0255,4.83949,402.102,2009-03-01
451.564,185.39100000000002,147.6955,4.94609,380.78200000000004,2009-06-01
450.93600000000004,185.234,147.61700000000002,4.94766,380.468,2009-07-01
461.5,187.875,148.9375,4.92125,385.75,2009-11-01
488.86400000000003,194.716,152.358,4.85284,399.432,2010-01-01
505.48400000000004,198.871,154.4355,4.81129,407.742,2010-03-01
479.12,192.28,151.14,4.8772,394.56,2010-06-01
469.46000000000004,189.865,149.9325,4.90135,389.73,2010-07-01
494.8,196.2,153.1,4.838,402.4,2010-11-01
520.796,202.699,156.3495,4.77301,415.398,2011-01-01
531.592,205.398,157.699,4.74602,420.796,2011-03-01
503.692,198.423,154.2115,4.81577,406.846,2011-06-01
471.896,190.474,150.237,4.89526,390.948,2011-07-01
523.1320000000001,203.28300000000002,156.6415,4.76717,416.56600000000003,2011-11-01
508.75600000000003,199.68900000000002,154.8445,4.80311,409.37800000000004,2012-01-01
490.64,195.16,152.57999999999998,4.8484,400.32,2012-03-01
477.896,191.974,150.987,4.88026,393.948,2012-06-01
471.016,190.25400000000002,150.127,4.89746,390.50800000000004,2012-07-01
491.708,195.42700000000002,152.7135,4.84573,400.85400000000004,2012-11-01
533.664,205.916,157.958,4.74084,421.832,2013-01-01
497.372,196.84300000000002,153.4215,4.83157,403.68600000000004,2013-03-01
469.544,189.886,149.94299999999998,4.90114,389.772,2013-06-01
479.004,192.251,151.1255,4.87749,394.502,2013-07-01
497.188,196.797,153.3985,4.83203,403.594,2013-11-01
568.16,214.54,162.26999999999998,4.6546,439.08,2014-01-01
534.204,206.051,158.0255,4.73949,422.102,2014-03-01
498.188,197.047,153.5235,4.82953,404.094,2014-06-01
509.44,199.86,154.93,4.8014,409.72,2014-07-01
500.064,197.51600000000002,153.758,4.82484,405.03200000000004,2014-11-01
549.032,209.758,159.87900000000002,4.70242,429.516,2015-01-01
535.692,206.423,158.2115,4.73577,422.846,2015-03-01
497.62,196.905,153.4525,4.83095,403.81,2015-06-01
513.748,200.937,155.4685,4.79063,411.874,2015-07-01
478.82800000000003,192.207,151.1035,4.87793,394.414,2015-11-01
507.432,199.358,154.679,4.80642,408.716,2016-01-01
519.428,202.357,156.17849999999999,4.7764299999999995,414.714,2016-03-01
492.32800000000003,195.582,152.791,4.84418,401.164,2016-06-01
476.076,191.519,150.7595,4.88481,393.038,2016-07-01
502.608,198.152,154.076,4.81848,406.304,2016-11-01
493.212,195.803,152.9015,4.84197,401.606,2017-01-01
541.704,207.926,158.963,4.72074,425.852,2017-03-01
505.628,198.90699999999998,154.4535,4.81093,407.81399999999996,2017-06-01
481.584,192.89600000000002,151.448,4.87104,395.79200000000003,2017-07-01
528.892,204.723,157.3615,4.75277,419.446,2017-11-01
586.888,219.222,164.611,4.60778,448.444,2018-01-01
550.364,210.091,160.0455,4.69909,430.182,2018-03-01
505.124,198.781,154.3905,4.81219,407.562,2018-06-01
521.364,202.841,156.4205,4.77159,415.682,2018-07-01
534.46,206.115,158.0575,4.73885,422.23,2018-11-01
566.604,214.151,162.0755,4.65849,438.302,2019-01-01
548.832,209.708,159.85399999999998,4.70292,429.416,2019-03-01
509.184,199.796,154.898,4.80204,409.592,2019-06-01
514.988,201.247,155.6235,4.78753,412.494,2019-07-01
534.1759999999999,206.04399999999998,158.022,4.73956,422.08799999999997,2019-11-01
529.024,204.756,157.378,4.75244,419.512,2020-01-01
521.156,202.789,156.3945,4.77211,415.578,2020-03-01
449.35200000000003,184.83800000000002,147.419,4.95162,379.67600000000004,2020-06-01
478.216,192.054,151.027,4.87946,394.108,2020-07-01
495.536,196.38400000000001,153.192,4.83616,402.76800000000003,2020-11-01
518.12,202.03,156.015,4.7797,414.06,2021-01-01
535.568,206.392,158.196,4.736079999999999,422.784,2021-03-01
503.488,198.372,154.186,4.81628,406.744,2021-06-01
485.648,193.912,151.95600000000002,4.86088,397.824,2021-07-01
532.844,205.711,157.8555,4.74289,421.422,2021-11-01
541.9639999999999,207.99099999999999,158.9955,4.72009,425.98199999999997,2022-01-01
548.72,209.68,159.84,4.7032,429.36,2022-03-01
515.908,201.477,155.7385,4.78523,412.954,2022-06-01
491.468,195.36700000000002,152.6835,4.84633,400.73400000000004,2022-07-01
517.14,201.785,155.89249999999998,4.78215,413.57,2022-11-01
521.884,202.971,156.4855,4.77029,415.942,2023-01-01
540.072,207.518,158.75900000000001,4.724819999999999,425.036,2023-03-01
507.30400000000003,199.32600000000002,154.663,4.80674,408.65200000000004,2023-06-01
474.32800000000003,191.082,150.541,4.88918,392.164,2023-07-01
504.032,198.50799999999998,154.254,4.81492,407.01599999999996,2023-11-01
508.084,199.52100000000002,154.7605,4.80479,409.04200000000003,2024-01-01
487.88800000000003,194.472,152.236,4.85528,398.944,2024-03-01
469.512,189.878,149.939,4.90122,389.756,2024-06-01
488.692,194.673,152.3365,4.85327,399.346,2024-07-01
471.588,190.397,150.1985,4.89603,390.794,2024-11-01
533.984,205.996,157.998,4.74004,421.992,2025-01-01
512.856,200.714,155.357,4.79286,411.428,2025-03-01
505.752,198.938,154.469,4.81062,407.876,2025-06-01
501.652,197.913,153.9565,4.82087,405.826,2025-07-01
485.468,193.86700000000002,151.9335,4.86133,397.73400000000004,2025-11-01
